Workbook

Sheet raw_data
A1: date | B1: state | C1: industry | D1: vi_norm | E1: wpi_norm | F1: tightness_norm | G1: lmsi_score | H1: vi_contribution | I1: wpi_contribution | J1: lt_contribution
A2: 2009Q4 | B2: New South Wales | C2: Accommodation and Food Services | D2: 26.91 | E2: 30.77 | F2: 5.47 | G2: 21.64 | H2: 10.76 | I2: 9.23 | J2: 1.64
A3: 2009Q4 | B3: New South Wales | C3: Construction | D3: 9.69 | E3: 59.62 | F3: 3.61 | G3: 22.84 | H3: 3.87 | I3: 17.88 | J3: 1.08
A4: 2009Q4 | B4: New South Wales | C4: Education and Training | D4: 1.59 | E4: 69.23 | F4: 4.02 | G4: 22.61 | H4: 0.64 | I4: 20.77 | J4: 1.21
A5: 2009Q4 | B5: New South Wales | C5: Health Care and Social Assistance | D5: 7.48 | E5: 69.23 | F5: 14.72 | G5: 28.18 | H5: 2.99 | I5: 20.77 | J5: 4.41
A6: 2009Q4 | B6: New South Wales | C6: Manufacturing | D6: 7.08 | E6: 32.69 | F6: 2.52 | G6: 13.4 | H6: 2.83 | I6: 9.81 | J6: 0.76
A7: 2009Q4 | B7: New South Wales | C7: Professional, Scientific and Technical Services | D7: 13.19 | E7: 48.08 | F7: 5.89 | G7: 21.46 | H7: 5.28 | I7: 14.42 | J7: 1.77
A8: 2009Q4 | B8: Queensland | C8: Accommodation and Food Services | D8: 39.1 | E8: 30.77 | F8: 7.98 | G8: 27.26 | H8: 15.64 | I8: 9.23 | J8: 2.39
A9: 2009Q4 | B9: Queensland | C9: Construction | D9: 12.16 | E9: 59.62 | F9: 5 | G9: 24.25 | H9: 4.86 | I9: 17.88 | J9: 1.5
A10: 2009Q4 | B10: Queensland | C10: Education and Training | D10: 3.83 | E10: 69.23 | F10: 5.93 | G10: 24.08 | H10: 1.53 | I10: 20.77 | J10: 1.78
A11: 2009Q4 | B11: Queensland | C11: Health Care and Social Assistance | D11: 13.56 | E11: 69.23 | F11: 9.48 | G11: 29.04 | H11: 5.42 | I11: 20.77 | J11: 2.84
A12: 2009Q4 | B12: Queensland | C12: Manufacturing | D12: 13.34 | E12: 32.69 | F12: 6.59 | G12: 17.12 | H12: 5.33 | I12: 9.81 | J12: 1.98
A13: 2009Q4 | B13: Queensland | C13: Professional, Scientific and Technical Services | D13: 25.88 | E13: 48.08 | F13: 20.74 | G13: 31 | H13: 10.35 | I13: 14.42 | J13: 6.22
... A1188: 2026Q1 | B1188: Victoria | C1188: Professional, Scientific and Technical Services | D1188: 24.11 | E1188: 50 | F1188: 14.61 | G1188: 29.03 | H1188: 9.65 | I1188: 15 | J1188: 4.38

Sheet weights
A1: component | B1: weight
A2: Vacancy Intensity | B2: 0.4 | D2: Current score bands calibrated to the v2 UQ2B-based methodology.
A3: Wage Growth Pressure | B3: 0.3 | D3: Critical threshold revised from 80+ to 60+ following tighter score compression.
A4: Labour Tightness | B4: 0.3
A5: Total | B5: =SUM(B2:B4) -> 1
A7: score band | B7: range
A8: Low | B8: 0 - 25
A9: Moderate | B9: 25 -45
A10: High | B10: 45 - 60
A11: Critical | B11: 60+

Sheet lmsi_scores
A1: date | B1: state | C1: industry | D1: vi_norm | E1: wpi_norm | F1: tightness_norm | G1: lmsi_original | H1: lmsi_weighted | I1: stress_band | J1: year_quarter | K1: vi_contribution | L1: wpi_contribution | M1: lt_contribution
A2: =raw_data!A2 -> 2009Q4 | B2: =raw_data!B2 -> New South Wales | C2: =raw_data!C2 -> Accommodation and Food Services | D2: =raw_data!D2 -> 26.91 | E2: =raw_data!E2 -> 30.77 | F2: =raw_data!F2 -> 5.47 | G2: =raw_data!G2 -> 21.64 | H2: =(raw_data!D2*weights!$B$2)+(raw_data!E2*weights!$B$3)+(raw_data!F2*weights!$B$4) -> 21.636 | I2: =IF(H2>=60,"Critical",IF(H2>=45,"High",IF(H2>=25,"Moderate","Low"))) -> Low | J2: =LEFT(A2,4)&" "&RIGHT(A2,2) -> 2009 Q4 | K2: =raw_data!H2 -> 10.76 | L2: =raw_data!I2 -> 9.23 | M2: =raw_data!J2 -> 1.64
A3: =raw_data!A3 -> 2009Q4 | B3: =raw_data!B3 -> New South Wales | C3: =raw_data!C3 -> Construction | D3: =raw_data!D3 -> 9.69 | E3: =raw_data!E3 -> 59.62 | F3: =raw_data!F3 -> 3.61 | G3: =raw_data!G3 -> 22.84 | H3: =(raw_data!D3*weights!$B$2)+(raw_data!E3*weights!$B$3)+(raw_data!F3*weights!$B$4) -> 22.845 | I3: =IF(H3>=60,"Critical",IF(H3>=45,"High",IF(H3>=25,"Moderate","Low"))) -> Low | J3: =LEFT(A3,4)&" "&RIGHT(A3,2) -> 2009 Q4 | K3: =raw_data!H3 -> 3.87 | L3: =raw_data!I3 -> 17.88 | M3: =raw_data!J3 -> 1.08
A4: =raw_data!A4 -> 2009Q4 | B4: =raw_data!B4 -> New South Wales | C4: =raw_data!C4 -> Education and Training | D4: =raw_data!D4 -> 1.59 | E4: =raw_data!E4 -> 69.23 | F4: =raw_data!F4 -> 4.02 | G4: =raw_data!G4 -> 22.61 | H4: =(raw_data!D4*weights!$B$2)+(raw_data!E4*weights!$B$3)+(raw_data!F4*weights!$B$4) -> 22.611 | I4: =IF(H4>=60,"Critical",IF(H4>=45,"High",IF(H4>=25,"Moderate","Low"))) -> Low | J4: =LEFT(A4,4)&" "&RIGHT(A4,2) -> 2009 Q4 | K4: =raw_data!H4 -> 0.64 | L4: =raw_data!I4 -> 20.77 | M4: =raw_data!J4 -> 1.21
A5: =raw_data!A5 -> 2009Q4 | B5: =raw_data!B5 -> New South Wales | C5: =raw_data!C5 -> Health Care and Social Assistance | D5: =raw_data!D5 -> 7.48 | E5: =raw_data!E5 -> 69.23 | F5: =raw_data!F5 -> 14.72 | G5: =raw_data!G5 -> 28.18 | H5: =(raw_data!D5*weights!$B$2)+(raw_data!E5*weights!$B$3)+(raw_data!F5*weights!$B$4) -> 28.177 | I5: =IF(H5>=60,"Critical",IF(H5>=45,"High",IF(H5>=25,"Moderate","Low"))) -> Moderate | J5: =LEFT(A5,4)&" "&RIGHT(A5,2) -> 2009 Q4 | K5: =raw_data!H5 -> 2.99 | L5: =raw_data!I5 -> 20.77 | M5: =raw_data!J5 -> 4.41
A6: =raw_data!A6 -> 2009Q4 | B6: =raw_data!B6 -> New South Wales | C6: =raw_data!C6 -> Manufacturing | D6: =raw_data!D6 -> 7.08 | E6: =raw_data!E6 -> 32.69 | F6: =raw_data!F6 -> 2.52 | G6: =raw_data!G6 -> 13.4 | H6: =(raw_data!D6*weights!$B$2)+(raw_data!E6*weights!$B$3)+(raw_data!F6*weights!$B$4) -> 13.395 | I6: =IF(H6>=60,"Critical",IF(H6>=45,"High",IF(H6>=25,"Moderate","Low"))) -> Low | J6: =LEFT(A6,4)&" "&RIGHT(A6,2) -> 2009 Q4 | K6: =raw_data!H6 -> 2.83 | L6: =raw_data!I6 -> 9.81 | M6: =raw_data!J6 -> 0.76
A7: =raw_data!A7 -> 2009Q4 | B7: =raw_data!B7 -> New South Wales | C7: =raw_data!C7 -> Professional, Scientific and Technical Services | D7: =raw_data!D7 -> 13.19 | E7: =raw_data!E7 -> 48.08 | F7: =raw_data!F7 -> 5.89 | G7: =raw_data!G7 -> 21.46 | H7: =(raw_data!D7*weights!$B$2)+(raw_data!E7*weights!$B$3)+(raw_data!F7*weights!$B$4) -> 21.467 | I7: =IF(H7>=60,"Critical",IF(H7>=45,"High",IF(H7>=25,"Moderate","Low"))) -> Low | J7: =LEFT(A7,4)&" "&RIGHT(A7,2) -> 2009 Q4 | K7: =raw_data!H7 -> 5.28 | L7: =raw_data!I7 -> 14.42 | M7: =raw_data!J7 -> 1.77
A8: =raw_data!A8 -> 2009Q4 | B8: =raw_data!B8 -> Queensland | C8: =raw_data!C8 -> Accommodation and Food Services | D8: =raw_data!D8 -> 39.1 | E8: =raw_data!E8 -> 30.77 | F8: =raw_data!F8 -> 7.98 | G8: =raw_data!G8 -> 27.26 | H8: =(raw_data!D8*weights!$B$2)+(raw_data!E8*weights!$B$3)+(raw_data!F8*weights!$B$4) -> 27.265 | I8: =IF(H8>=60,"Critical",IF(H8>=45,"High",IF(H8>=25,"Moderate","Low"))) -> Moderate | J8: =LEFT(A8,4)&" "&RIGHT(A8,2) -> 2009 Q4 | K8: =raw_data!H8 -> 15.64 | L8: =raw_data!I8 -> 9.23 | M8: =raw_data!J8 -> 2.39
A9: =raw_data!A9 -> 2009Q4 | B9: =raw_data!B9 -> Queensland | C9: =raw_data!C9 -> Construction | D9: =raw_data!D9 -> 12.16 | E9: =raw_data!E9 -> 59.62 | F9: =raw_data!F9 -> 5 | G9: =raw_data!G9 -> 24.25 | H9: =(raw_data!D9*weights!$B$2)+(raw_data!E9*weights!$B$3)+(raw_data!F9*weights!$B$4) -> 24.25 | I9: =IF(H9>=60,"Critical",IF(H9>=45,"High",IF(H9>=25,"Moderate","Low"))) -> Low | J9: =LEFT(A9,4)&" "&RIGHT(A9,2) -> 2009 Q4 | K9: =raw_data!H9 -> 4.86 | L9: =raw_data!I9 -> 17.88 | M9: =raw_data!J9 -> 1.5
A10: =raw_data!A10 -> 2009Q4 | B10: =raw_data!B10 -> Queensland | C10: =raw_data!C10 -> Education and Training | D10: =raw_data!D10 -> 3.83 | E10: =raw_data!E10 -> 69.23 | F10: =raw_data!F10 -> 5.93 | G10: =raw_data!G10 -> 24.08 | H10: =(raw_data!D10*weights!$B$2)+(raw_data!E10*weights!$B$3)+(raw_data!F10*weights!$B$4) -> 24.08 | I10: =IF(H10>=60,"Critical",IF(H10>=45,"High",IF(H10>=25,"Moderate","Low"))) -> Low | J10: =LEFT(A10,4)&" "&RIGHT(A10,2) -> 2009 Q4 | K10: =raw_data!H10 -> 1.53 | L10: =raw_data!I10 -> 20.77 | M10: =raw_data!J10 -> 1.78
A11: =raw_data!A11 -> 2009Q4 | B11: =raw_data!B11 -> Queensland | C11: =raw_data!C11 -> Health Care and Social Assistance | D11: =raw_data!D11 -> 13.56 | E11: =raw_data!E11 -> 69.23 | F11: =raw_data!F11 -> 9.48 | G11: =raw_data!G11 -> 29.04 | H11: =(raw_data!D11*weights!$B$2)+(raw_data!E11*weights!$B$3)+(raw_data!F11*weights!$B$4) -> 29.037 | I11: =IF(H11>=60,"Critical",IF(H11>=45,"High",IF(H11>=25,"Moderate","Low"))) -> Moderate | J11: =LEFT(A11,4)&" "&RIGHT(A11,2) -> 2009 Q4 | K11: =raw_data!H11 -> 5.42 | L11: =raw_data!I11 -> 20.77 | M11: =raw_data!J11 -> 2.84
A12: =raw_data!A12 -> 2009Q4 | B12: =raw_data!B12 -> Queensland | C12: =raw_data!C12 -> Manufacturing | D12: =raw_data!D12 -> 13.34 | E12: =raw_data!E12 -> 32.69 | F12: =raw_data!F12 -> 6.59 | G12: =raw_data!G12 -> 17.12 | H12: =(raw_data!D12*weights!$B$2)+(raw_data!E12*weights!$B$3)+(raw_data!F12*weights!$B$4) -> 17.12 | I12: =IF(H12>=60,"Critical",IF(H12>=45,"High",IF(H12>=25,"Moderate","Low"))) -> Low | J12: =LEFT(A12,4)&" "&RIGHT(A12,2) -> 2009 Q4 | K12: =raw_data!H12 -> 5.33 | L12: =raw_data!I12 -> 9.81 | M12: =raw_data!J12 -> 1.98
A13: =raw_data!A13 -> 2009Q4 | B13: =raw_data!B13 -> Queensland | C13: =raw_data!C13 -> Professional, Scientific and Technical Services | D13: =raw_data!D13 -> 25.88 | E13: =raw_data!E13 -> 48.08 | F13: =raw_data!F13 -> 20.74 | G13: =raw_data!G13 -> 31 | H13: =(raw_data!D13*weights!$B$2)+(raw_data!E13*weights!$B$3)+(raw_data!F13*weights!$B$4) -> 30.998 | I13: =IF(H13>=60,"Critical",IF(H13>=45,"High",IF(H13>=25,"Moderate","Low"))) -> Moderate | J13: =LEFT(A13,4)&" "&RIGHT(A13,2) -> 2009 Q4 | K13: =raw_data!H13 -> 10.35 | L13: =raw_data!I13 -> 14.42 | M13: =raw_data!J13 -> 6.22
... A1188: =raw_data!A1188 -> 2026Q1 | B1188: =raw_data!B1188 -> Victoria | C1188: =raw_data!C1188 -> Professional, Scientific and Technical Services | D1188: =raw_data!D1188 -> 24.11 | E1188: =raw_data!E1188 -> 50 | F1188: =raw_data!F1188 -> 14.61 | G1188: =raw_data!G1188 -> 29.03 | H1188: =(raw_data!D1188*weights!$B$2)+(raw_data!E1188*weights!$B$3)+(raw_data!F1188*weights!$B$4) -> 29.027 | I1188: =IF(H1188>=60,"Critical",IF(H1188>=45,"High",IF(H1188>=25,"Moderate","Low"))) -> Moderate | J1188: =LEFT(A1188,4)&" "&RIGHT(A1188,2) -> 2026 Q1 | K1188: =raw_data!H1188 -> 9.65 | L1188: =raw_data!I1188 -> 15 | M1188: =raw_data!J1188 -> 4.38

Sheet sensitivity
A1: vi_weight | B1: wp_weight | C1: lt_weight | D1: avg_lmsi | E1: max_lmsi | F1: min_lmsi | G1: key_insight
A2: 0.4 | B2: 0.3 | C2: 0.3 | D2: {=ROUND(AVERAGE(raw_data!D$2:$D$1188*A2+raw_data!E$2:$E$1188*B2+raw_data!F$2:$F$1188*C2),2)} -> 26.16 | E2: {=ROUND(MAX(raw_data!D$2:$D$1188*A2+raw_data!E$2:$E$1188*B2+raw_data!F$2:$F$1188*C2),2)} -> 65.84 | F2: {=ROUND(MIN(raw_data!D$2:$D$1188*A2+raw_data!E$2:$E$1188*B2+raw_data!F$2:$F$1188*C2),2)} -> 5.03 | G2: =IF(E2>60,"Peak remains Critical across all scenarios","Peak does not reach Critical band") -> Peak remains Critical across all scenarios
A3: 0.5 | B3: 0.25 | C3: 0.25 | D3: {=ROUND(AVERAGE(raw_data!D$2:$D$1188*A3+raw_data!E$2:$E$1188*B3+raw_data!F$2:$F$1188*C3),2)} -> 25 | E3: {=ROUND(MAX(raw_data!D$2:$D$1188*A3+raw_data!E$2:$E$1188*B3+raw_data!F$2:$F$1188*C3),2)} -> 70.85 | F3: {=ROUND(MIN(raw_data!D$2:$D$1188*A3+raw_data!E$2:$E$1188*B3+raw_data!F$2:$F$1188*C3),2)} -> 4.82 | G3: =IF(E3>60,"Peak remains Critical across all scenarios","Peak does not reach Critical band") -> Peak remains Critical across all scenarios
A4: 0.33 | B4: 0.33 | C4: 0.34 | D4: {=ROUND(AVERAGE(raw_data!D$2:$D$1188*A4+raw_data!E$2:$E$1188*B4+raw_data!F$2:$F$1188*C4),2)} -> 26.8 | E4: {=ROUND(MAX(raw_data!D$2:$D$1188*A4+raw_data!E$2:$E$1188*B4+raw_data!F$2:$F$1188*C4),2)} -> 66.21 | F4: {=ROUND(MIN(raw_data!D$2:$D$1188*A4+raw_data!E$2:$E$1188*B4+raw_data!F$2:$F$1188*C4),2)} -> 5.14 | G4: =IF(E4>60,"Peak remains Critical across all scenarios","Peak does not reach Critical band") -> Peak remains Critical across all scenarios
A5: 0.6 | B5: 0.2 | C5: 0.2 | D5: {=ROUND(AVERAGE(raw_data!D$2:$D$1188*A5+raw_data!E$2:$E$1188*B5+raw_data!F$2:$F$1188*C5),2)} -> 23.84 | E5: {=ROUND(MAX(raw_data!D$2:$D$1188*A5+raw_data!E$2:$E$1188*B5+raw_data!F$2:$F$1188*C5),2)} -> 76.68 | F5: {=ROUND(MIN(raw_data!D$2:$D$1188*A5+raw_data!E$2:$E$1188*B5+raw_data!F$2:$F$1188*C5),2)} -> 4.61 | G5: =IF(E5>60,"Peak remains Critical across all scenarios","Peak does not reach Critical band") -> Peak remains Critical across all scenarios
A6: 0.3 | B6: 0.4 | C6: 0.3 | D6: {=ROUND(AVERAGE(raw_data!D$2:$D$1188*A6+raw_data!E$2:$E$1188*B6+raw_data!F$2:$F$1188*C6),2)} -> 29.1 | E6: {=ROUND(MAX(raw_data!D$2:$D$1188*A6+raw_data!E$2:$E$1188*B6+raw_data!F$2:$F$1188*C6),2)} -> 66.5 | F6: {=ROUND(MIN(raw_data!D$2:$D$1188*A6+raw_data!E$2:$E$1188*B6+raw_data!F$2:$F$1188*C6),2)} -> 5.62 | G6: =IF(E6>60,"Peak remains Critical across all scenarios","Peak does not reach Critical band") -> Peak remains Critical across all scenarios

Sheet v1_vs_v2
A1: date | B1: state | C1: industry | D1: lmsi_v1 | E1: lmsi_v2 | F1: score_change | G1: abs_change | H1: methodology_impact
A2: 2009Q4 | B2: New South Wales | C2: Accommodation and Food Services | D2: 23.88 | E2: 21.64 | F2: -2.24 | G2: =ABS(lmsi_v1_v2_comparison[[#This Row],[score_change]]) -> 2.24 | H2: =IF(lmsi_v1_v2_comparison[[#This Row],[score_change]]>0, "v2 Higher","v2 Lower") -> v2 Lower
A3: 2009Q4 | B3: New South Wales | C3: Construction | D3: 24.51 | E3: 22.84 | F3: -1.67 | G3: =ABS(lmsi_v1_v2_comparison[[#This Row],[score_change]]) -> 1.67 | H3: =IF(lmsi_v1_v2_comparison[[#This Row],[score_change]]>0, "v2 Higher","v2 Lower") -> v2 Lower
A4: 2009Q4 | B4: New South Wales | C4: Education and Training | D4: 22.19 | E4: 22.61 | F4: 0.42 | G4: =ABS(lmsi_v1_v2_comparison[[#This Row],[score_change]]) -> 0.42 | H4: =IF(lmsi_v1_v2_comparison[[#This Row],[score_change]]>0, "v2 Higher","v2 Lower") -> v2 Higher
A5: 2009Q4 | B5: New South Wales | C5: Health Care and Social Assistance | D5: 26.31 | E5: 28.18 | F5: 1.87 | G5: =ABS(lmsi_v1_v2_comparison[[#This Row],[score_change]]) -> 1.87 | H5: =IF(lmsi_v1_v2_comparison[[#This Row],[score_change]]>0, "v2 Higher","v2 Lower") -> v2 Higher
A6: 2009Q4 | B6: New South Wales | C6: Manufacturing | D6: 13.71 | E6: 13.4 | F6: -0.31 | G6: =ABS(lmsi_v1_v2_comparison[[#This Row],[score_change]]) -> 0.31 | H6: =IF(lmsi_v1_v2_comparison[[#This Row],[score_change]]>0, "v2 Higher","v2 Lower") -> v2 Lower
A7: 2009Q4 | B7: New South Wales | C7: Professional, Scientific and Technical Services | D7: 22.65 | E7: 21.46 | F7: -1.19 | G7: =ABS(lmsi_v1_v2_comparison[[#This Row],[score_change]]) -> 1.19 | H7: =IF(lmsi_v1_v2_comparison[[#This Row],[score_change]]>0, "v2 Higher","v2 Lower") -> v2 Lower
A8: 2009Q4 | B8: Queensland | C8: Accommodation and Food Services | D8: 30.53 | E8: 27.26 | F8: -3.27 | G8: =ABS(lmsi_v1_v2_comparison[[#This Row],[score_change]]) -> 3.27 | H8: =IF(lmsi_v1_v2_comparison[[#This Row],[score_change]]>0, "v2 Higher","v2 Lower") -> v2 Lower
A9: 2009Q4 | B9: Queensland | C9: Construction | D9: 26.14 | E9: 24.25 | F9: -1.89 | G9: =ABS(lmsi_v1_v2_comparison[[#This Row],[score_change]]) -> 1.89 | H9: =IF(lmsi_v1_v2_comparison[[#This Row],[score_change]]>0, "v2 Higher","v2 Lower") -> v2 Lower
A10: 2009Q4 | B10: Queensland | C10: Education and Training | D10: 23.76 | E10: 24.08 | F10: 0.32 | G10: =ABS(lmsi_v1_v2_comparison[[#This Row],[score_change]]) -> 0.32 | H10: =IF(lmsi_v1_v2_comparison[[#This Row],[score_change]]>0, "v2 Higher","v2 Lower") -> v2 Higher
A11: 2009Q4 | B11: Queensland | C11: Health Care and Social Assistance | D11: 30.56 | E11: 29.04 | F11: -1.52 | G11: =ABS(lmsi_v1_v2_comparison[[#This Row],[score_change]]) -> 1.52 | H11: =IF(lmsi_v1_v2_comparison[[#This Row],[score_change]]>0, "v2 Higher","v2 Lower") -> v2 Lower
A12: 2009Q4 | B12: Queensland | C12: Manufacturing | D12: 17.17 | E12: 17.12 | F12: -0.05 | G12: =ABS(lmsi_v1_v2_comparison[[#This Row],[score_change]]) -> 0.05 | H12: =IF(lmsi_v1_v2_comparison[[#This Row],[score_change]]>0, "v2 Higher","v2 Lower") -> v2 Lower
A13: 2009Q4 | B13: Queensland | C13: Professional, Scientific and Technical Services | D13: 30.46 | E13: 31 | F13: 0.54 | G13: =ABS(lmsi_v1_v2_comparison[[#This Row],[score_change]]) -> 0.54 | H13: =IF(lmsi_v1_v2_comparison[[#This Row],[score_change]]>0, "v2 Higher","v2 Lower") -> v2 Higher
... A1188: 2026Q1 | B1188: Victoria | C1188: Professional, Scientific and Technical Services | D1188: 30.15 | E1188: 29.03 | F1188: -1.12 | G1188: =ABS(lmsi_v1_v2_comparison[[#This Row],[score_change]]) -> 1.12 | H1188: =IF(lmsi_v1_v2_comparison[[#This Row],[score_change]]>0, "v2 Higher","v2 Lower") -> v2 Lower

Sheet contribution_analysis
A1: date | B1: state | C1: industry | D1: lmsi_score | E1: vi_contribution | F1: wpi_contribution | G1: lt_contribution | H1: dominant_component | I1: vi_dominant | J1: wp_dominant | K1: lt_dominant | L1: 2026Q1_vi_dominant | M1: 2026Q1_wp_dominant | N1: 2026Q1_lt_dominant
A2: =raw_data!A2 -> 2009Q4 | B2: =raw_data!B2 -> New South Wales | C2: =raw_data!C2 -> Accommodation and Food Services | D2: =raw_data!G2 -> 21.64 | E2: =raw_data!H2 -> 10.76 | F2: =raw_data!I2 -> 9.23 | G2: =raw_data!J2 -> 1.64 | H2: =IF(AND(E2>=F2,E2>=G2),"Vacancy Intensity",IF(F2>=G2,"Wage Pressure","Labour Tightness")) -> Vacancy Intensity | I2: =COUNTIF(H2:H1188,"Vacancy Intensity") -> 171 | J2: =COUNTIF(H2:H1188,"Wage Pressure") -> 1004 | K2: =COUNTIF(H2:H1188,"Labour Tightness") -> 12 | L2: =COUNTIFS(A2:A1188,"2026Q1",H2:H1188,"Vacancy Intensity") -> 4 | M2: =COUNTIFS(A2:A1188,"2026Q1",H2:H1188,"Wage Pressure") -> 14 | N2: =COUNTIFS(A2:A1188,"2026Q1",H2:H1188,"Labour Tightness") -> 0
A3: =raw_data!A3 -> 2009Q4 | B3: =raw_data!B3 -> New South Wales | C3: =raw_data!C3 -> Construction | D3: =raw_data!G3 -> 22.84 | E3: =raw_data!H3 -> 3.87 | F3: =raw_data!I3 -> 17.88 | G3: =raw_data!J3 -> 1.08 | H3: =IF(AND(E3>=F3,E3>=G3),"Vacancy Intensity",IF(F3>=G3,"Wage Pressure","Labour Tightness")) -> Wage Pressure
A4: =raw_data!A4 -> 2009Q4 | B4: =raw_data!B4 -> New South Wales | C4: =raw_data!C4 -> Education and Training | D4: =raw_data!G4 -> 22.61 | E4: =raw_data!H4 -> 0.64 | F4: =raw_data!I4 -> 20.77 | G4: =raw_data!J4 -> 1.21 | H4: =IF(AND(E4>=F4,E4>=G4),"Vacancy Intensity",IF(F4>=G4,"Wage Pressure","Labour Tightness")) -> Wage Pressure
A5: =raw_data!A5 -> 2009Q4 | B5: =raw_data!B5 -> New South Wales | C5: =raw_data!C5 -> Health Care and Social Assistance | D5: =raw_data!G5 -> 28.18 | E5: =raw_data!H5 -> 2.99 | F5: =raw_data!I5 -> 20.77 | G5: =raw_data!J5 -> 4.41 | H5: =IF(AND(E5>=F5,E5>=G5),"Vacancy Intensity",IF(F5>=G5,"Wage Pressure","Labour Tightness")) -> Wage Pressure | L5: 2026Q1 insight: Wage Pressure dominates 14/18 observations.
A6: =raw_data!A6 -> 2009Q4 | B6: =raw_data!B6 -> New South Wales | C6: =raw_data!C6 -> Manufacturing | D6: =raw_data!G6 -> 13.4 | E6: =raw_data!H6 -> 2.83 | F6: =raw_data!I6 -> 9.81 | G6: =raw_data!J6 -> 0.76 | H6: =IF(AND(E6>=F6,E6>=G6),"Vacancy Intensity",IF(F6>=G6,"Wage Pressure","Labour Tightness")) -> Wage Pressure | L6: Labour market stress is now wage-driven, not vacancy-driven.
A7: =raw_data!A7 -> 2009Q4 | B7: =raw_data!B7 -> New South Wales | C7: =raw_data!C7 -> Professional, Scientific and Technical Services | D7: =raw_data!G7 -> 21.46 | E7: =raw_data!H7 -> 5.28 | F7: =raw_data!I7 -> 14.42 | G7: =raw_data!J7 -> 1.77 | H7: =IF(AND(E7>=F7,E7>=G7),"Vacancy Intensity",IF(F7>=G7,"Wage Pressure","Labour Tightness")) -> Wage Pressure | L7: Suggests post-COVID normalisation — employers retaining staff
A8: =raw_data!A8 -> 2009Q4 | B8: =raw_data!B8 -> Queensland | C8: =raw_data!C8 -> Accommodation and Food Services | D8: =raw_data!G8 -> 27.26 | E8: =raw_data!H8 -> 15.64 | F8: =raw_data!I8 -> 9.23 | G8: =raw_data!J8 -> 2.39 | H8: =IF(AND(E8>=F8,E8>=G8),"Vacancy Intensity",IF(F8>=G8,"Wage Pressure","Labour Tightness")) -> Vacancy Intensity | L8: through wage competition rather than posting new vacancies.
A9: =raw_data!A9 -> 2009Q4 | B9: =raw_data!B9 -> Queensland | C9: =raw_data!C9 -> Construction | D9: =raw_data!G9 -> 24.25 | E9: =raw_data!H9 -> 4.86 | F9: =raw_data!I9 -> 17.88 | G9: =raw_data!J9 -> 1.5 | H9: =IF(AND(E9>=F9,E9>=G9),"Vacancy Intensity",IF(F9>=G9,"Wage Pressure","Labour Tightness")) -> Wage Pressure
A10: =raw_data!A10 -> 2009Q4 | B10: =raw_data!B10 -> Queensland | C10: =raw_data!C10 -> Education and Training | D10: =raw_data!G10 -> 24.08 | E10: =raw_data!H10 -> 1.53 | F10: =raw_data!I10 -> 20.77 | G10: =raw_data!J10 -> 1.78 | H10: =IF(AND(E10>=F10,E10>=G10),"Vacancy Intensity",IF(F10>=G10,"Wage Pressure","Labour Tightness")) -> Wage Pressure
A11: =raw_data!A11 -> 2009Q4 | B11: =raw_data!B11 -> Queensland | C11: =raw_data!C11 -> Health Care and Social Assistance | D11: =raw_data!G11 -> 29.04 | E11: =raw_data!H11 -> 5.42 | F11: =raw_data!I11 -> 20.77 | G11: =raw_data!J11 -> 2.84 | H11: =IF(AND(E11>=F11,E11>=G11),"Vacancy Intensity",IF(F11>=G11,"Wage Pressure","Labour Tightness")) -> Wage Pressure
A12: =raw_data!A12 -> 2009Q4 | B12: =raw_data!B12 -> Queensland | C12: =raw_data!C12 -> Manufacturing | D12: =raw_data!G12 -> 17.12 | E12: =raw_data!H12 -> 5.33 | F12: =raw_data!I12 -> 9.81 | G12: =raw_data!J12 -> 1.98 | H12: =IF(AND(E12>=F12,E12>=G12),"Vacancy Intensity",IF(F12>=G12,"Wage Pressure","Labour Tightness")) -> Wage Pressure
A13: =raw_data!A13 -> 2009Q4 | B13: =raw_data!B13 -> Queensland | C13: =raw_data!C13 -> Professional, Scientific and Technical Services | D13: =raw_data!G13 -> 31 | E13: =raw_data!H13 -> 10.35 | F13: =raw_data!I13 -> 14.42 | G13: =raw_data!J13 -> 6.22 | H13: =IF(AND(E13>=F13,E13>=G13),"Vacancy Intensity",IF(F13>=G13,"Wage Pressure","Labour Tightness")) -> Wage Pressure
A14: =raw_data!A14 -> 2009Q4 | B14: =raw_data!B14 -> Victoria | C14: =raw_data!C14 -> Accommodation and Food Services | D14: =raw_data!G14 -> 25.59 | E14: =raw_data!H14 -> 13.68 | F14: =raw_data!I14 -> 9.23 | G14: =raw_data!J14 -> 2.68 | H14: =IF(AND(E14>=F14,E14>=G14),"Vacancy Intensity",IF(F14>=G14,"Wage Pressure","Labour Tightness")) -> Vacancy Intensity
A15: =raw_data!A15 -> 2009Q4 | B15: =raw_data!B15 -> Victoria | C15: =raw_data!C15 -> Construction | D15: =raw_data!G15 -> 25.6 | E15: =raw_data!H15 -> 5.25 | F15: =raw_data!I15 -> 17.88 | G15: =raw_data!J15 -> 2.47 | H15: =IF(AND(E15>=F15,E15>=G15),"Vacancy Intensity",IF(F15>=G15,"Wage Pressure","Labour Tightness")) -> Wage Pressure
A16: =raw_data!A16 -> 2009Q4 | B16: =raw_data!B16 -> Victoria | C16: =raw_data!C16 -> Education and Training | D16: =raw_data!G16 -> 23.21 | E16: =raw_data!H16 -> 0.93 | F16: =raw_data!I16 -> 20.77 | G16: =raw_data!J16 -> 1.52 | H16: =IF(AND(E16>=F16,E16>=G16),"Vacancy Intensity",IF(F16>=G16,"Wage Pressure","Labour Tightness")) -> Wage Pressure
A17: =raw_data!A17 -> 2009Q4 | B17: =raw_data!B17 -> Victoria | C17: =raw_data!C17 -> Health Care and Social Assistance | D17: =raw_data!G17 -> 31.55 | E17: =raw_data!H17 -> 3.89 | F17: =raw_data!I17 -> 20.77 | G17: =raw_data!J17 -> 6.89 | H17: =IF(AND(E17>=F17,E17>=G17),"Vacancy Intensity",IF(F17>=G17,"Wage Pressure","Labour Tightness")) -> Wage Pressure
A18: =raw_data!A18 -> 2009Q4 | B18: =raw_data!B18 -> Victoria | C18: =raw_data!C18 -> Manufacturing | D18: =raw_data!G18 -> 13.37 | E18: =raw_data!H18 -> 2.94 | F18: =raw_data!I18 -> 9.81 | G18: =raw_data!J18 -> 0.63 | H18: =IF(AND(E18>=F18,E18>=G18),"Vacancy Intensity",IF(F18>=G18,"Wage Pressure","Labour Tightness")) -> Wage Pressure
A19: =raw_data!A19 -> 2009Q4 | B19: =raw_data!B19 -> Victoria | C19: =raw_data!C19 -> Professional, Scientific and Technical Services | D19: =raw_data!G19 -> 25.89 | E19: =raw_data!H19 -> 6.74 | F19: =raw_data!I19 -> 14.42 | G19: =raw_data!J19 -> 4.72 | H19: =IF(AND(E19>=F19,E19>=G19),"Vacancy Intensity",IF(F19>=G19,"Wage Pressure","Labour Tightness")) -> Wage Pressure
A20: =raw_data!A20 -> 2010Q1 | B20: =raw_data!B20 -> New South Wales | C20: =raw_data!C20 -> Accommodation and Food Services | D20: =raw_data!G20 -> 17.39 | E20: =raw_data!H20 -> 7.77 | F20: =raw_data!I20 -> 8.65 | G20: =raw_data!J20 -> 0.97 | H20: =IF(AND(E20>=F20,E20>=G20),"Vacancy Intensity",IF(F20>=G20,"Wage Pressure","Labour Tightness")) -> Wage Pressure
... A1188: =raw_data!A1188 -> 2026Q1 | B1188: =raw_data!B1188 -> Victoria | C1188: =raw_data!C1188 -> Professional, Scientific and Technical Services | D1188: =raw_data!G1188 -> 29.03 | E1188: =raw_data!H1188 -> 9.65 | F1188: =raw_data!I1188 -> 15 | G1188: =raw_data!J1188 -> 4.38 | H1188: =IF(AND(E1188>=F1188,E1188>=G1188),"Vacancy Intensity",IF(F1188>=G1188,"Wage Pressure","Labour Tightness")) -> Wage Pressure

Sheet lmsi_robustness
A1: date | B1: state | C1: industry | D1: base | E1: vi_heavy | F1: equal | G1: vi_max | H1: wpi_heavy | I1: base_rank | J1: vi_heavy_rank | K1: equal_rank | L1: vi_max_rank | M1: wpi_heavy_rank
A2: 2026Q1 | B2: Queensland | C2: Accommodation and Food Services | D2: 44.08 | E2: 47.18 | F2: 41.7 | G2: 50.29 | H2: 43 | I2: =RANK(D2,$D$2:$D$11,0) -> 1 | J2: =RANK(E2,$E$2:$E$11,0) -> 1 | K2: =RANK(F2,$F$2:$F$11,0) -> 1 | L2: =RANK(G2,$G$2:$G$11,0) -> 1 | M2: =RANK(H2,$H$2:$H$11,0) -> 1 | O2: Rank Stability Insight:
A3: 2026Q1 | B3: Victoria | C3: Accommodation and Food Services | D3: 42.65 | E3: 44.9 | F3: 40.9 | G3: 47.14 | H3: 42.24 | I3: =RANK(D3,$D$2:$D$11,0) -> 2 | J3: =RANK(E3,$E$2:$E$11,0) -> 2 | K3: =RANK(F3,$F$2:$F$11,0) -> 2 | L3: =RANK(G3,$G$2:$G$11,0) -> 2 | M3: =RANK(H3,$H$2:$H$11,0) -> 3 | O3: Top 3 ranking unchanged across all 5 weight scenarios.
A4: 2026Q1 | B4: New South Wales | C4: Accommodation and Food Services | D4: 38.81 | E4: 40.71 | F4: 37.27 | G4: 42.61 | H4: 38.98 | I4: =RANK(D4,$D$2:$D$11,0) -> 3 | J4: =RANK(E4,$E$2:$E$11,0) -> 3 | K4: =RANK(F4,$F$2:$F$11,0) -> 5 | L4: =RANK(G4,$G$2:$G$11,0) -> 3 | M4: =RANK(H4,$H$2:$H$11,0) -> 6 | O4: Maximum rank movement: 3 positions (VIC Health Care, rank 4→2 under WP-heavy scenario).
A5: 2026Q1 | B5: Victoria | C5: Health Care and Social Assistance | D5: 38.3 | E5: 35.86 | F5: 39.84 | G5: 33.43 | H5: 42.27 | I5: =RANK(D5,$D$2:$D$11,0) -> 4 | J5: =RANK(E5,$E$2:$E$11,0) -> 6 | K5: =RANK(F5,$F$2:$F$11,0) -> 3 | L5: =RANK(G5,$G$2:$G$11,0) -> 6 | M5: =RANK(H5,$H$2:$H$11,0) -> 2 | O5: Core findings are robust to weighting assumptions.
A6: 2026Q1 | B6: Queensland | C6: Health Care and Social Assistance | D6: 37.69 | E6: 36.15 | F6: 38.57 | G6: 34.61 | H6: 41.19 | I6: =RANK(D6,$D$2:$D$11,0) -> 5 | J6: =RANK(E6,$E$2:$E$11,0) -> 5 | K6: =RANK(F6,$F$2:$F$11,0) -> 4 | L6: =RANK(G6,$G$2:$G$11,0) -> 5 | M6: =RANK(H6,$H$2:$H$11,0) -> 4
A7: 2026Q1 | B7: Queensland | C7: Professional, Scientific and Technical Services | D7: 36.83 | E7: 37.33 | F7: 36.33 | G7: 37.82 | H7: 37.85 | I7: =RANK(D7,$D$2:$D$11,0) -> 6 | J7: =RANK(E7,$E$2:$E$11,0) -> 4 | K7: =RANK(F7,$F$2:$F$11,0) -> 7 | L7: =RANK(G7,$G$2:$G$11,0) -> 4 | M7: =RANK(H7,$H$2:$H$11,0) -> 7
A8: 2026Q1 | B8: New South Wales | C8: Health Care and Social Assistance | D8: 35.19 | E8: 32.92 | F8: 36.58 | G8: 30.65 | H8: 39.38 | I8: =RANK(D8,$D$2:$D$11,0) -> 7 | J8: =RANK(E8,$E$2:$E$11,0) -> 8 | K8: =RANK(F8,$F$2:$F$11,0) -> 6 | L8: =RANK(G8,$G$2:$G$11,0) -> 8 | M8: =RANK(H8,$H$2:$H$11,0) -> 5
A9: 2026Q1 | B9: Queensland | C9: Manufacturing | D9: 34.39 | E9: 33.68 | F9: 34.69 | G9: 32.97 | H9: 36.95 | I9: =RANK(D9,$D$2:$D$11,0) -> 8 | J9: =RANK(E9,$E$2:$E$11,0) -> 7 | K9: =RANK(F9,$F$2:$F$11,0) -> 8 | L9: =RANK(G9,$G$2:$G$11,0) -> 7 | M9: =RANK(H9,$H$2:$H$11,0) -> 8
A10: 2026Q1 | B10: Victoria | C10: Professional, Scientific and Technical Services | D10: 29.03 | E10: 28.21 | F10: 29.42 | G10: 27.39 | H10: 31.62 | I10: =RANK(D10,$D$2:$D$11,0) -> 9 | J10: =RANK(E10,$E$2:$E$11,0) -> 9 | K10: =RANK(F10,$F$2:$F$11,0) -> 9 | L10: =RANK(G10,$G$2:$G$11,0) -> 9 | M10: =RANK(H10,$H$2:$H$11,0) -> 10
A11: 2026Q1 | B11: Queensland | C11: Construction | D11: 28.11 | E11: 26.73 | F11: 28.86 | G11: 25.35 | H11: 31.71 | I11: =RANK(D11,$D$2:$D$11,0) -> 10 | J11: =RANK(E11,$E$2:$E$11,0) -> 10 | K11: =RANK(F11,$F$2:$F$11,0) -> 10 | L11: =RANK(G11,$G$2:$G$11,0) -> 10 | M11: =RANK(H11,$H$2:$H$11,0) -> 9
